,sign
0,up
1,give
2,that
3,TV
4,sun
5,later
6,mom
7,scissors
8,shirt
9,many
10,stay
11,eye
12,gift
13,dance
14,kitty
15,apple
16,zebra
17,yucky
18,head
19,another
20,go
21,story
22,scissors
23,wait
24,beside
25,hair
26,white
27,yes
28,go
29,please
30,grass
31,first
32,like
33,penny
34,refrigerator
35,same
36,tongue
37,open
38,cowboy
39,toothbrush
40,frog
41,mitten
42,think
43,man
44,clown
45,every
46,all
47,minemy
48,cereal
49,up
50,yes
51,pizza
52,thankyou
53,arm
54,owie
55,wake
56,read
57,bug
58,car
59,pig
60,into
61,any
62,pizza
63,high
64,clown
65,face
66,give
67,better
68,wolf
69,story
70,pretty
71,quiet
72,hair
73,dry
74,table
75,hesheit
76,bye
77,shoe
78,white
79,make
80,pig
81,flag
82,bath
83,blow
84,child
85,pool
86,shower
87,fish
88,night
89,where
90,every
91,can
92,pencil
93,cow
94,minemy
95,mouth
96,ear
97,all
98,home
99,old
100,have
101,say
102,gum
103,frog
104,drop
105,garbage
106,pretty
107,jacket
108,brother
109,toothbrush
110,sleep
111,pajamas
112,outside
113,brown
114,any
115,now
116,uncle
117,boy
118,later
119,empty
120,TV
121,mouse
122,milk
123,for
124,snow
125,because
126,that
127,quiet
128,bed
129,flower
130,clean
131,can
132,clean
133,because
134,table
135,pencil
136,nuts
137,cow
138,apple
139,pool
140,same
141,who
142,hen
143,brown
144,hesheit
145,hat
146,balloon
147,doll
148,jump
149,airplane
150,there
151,dad
152,loud
153,think
154,mitten
155,cute
156,nuts
157,shoe
158,jacket
159,shower
160,black
161,rain
162,where
163,bad
164,hot
165,sun
166,rain
167,haveto
168,arm
169,brother
170,now
171,drink
172,dad
173,for
174,find
175,puppy
176,cereal
177,underwear
178,finish
179,loud
180,please
181,weus
182,gift
183,stay
184,mouth
185,not
186,cut
187,mom
188,red
189,smile
190,donkey
191,uncle
192,airplane
193,food
194,not
195,moon
196,puppy
197,thirsty
198,underwear
199,room
200,penny
201,another
202,icecream
203,vacuum
204,radio
205,dance
206,wait
207,sick
208,close
209,hen
210,cowboy
211,pajamas
212,into
213,see
214,feet
215,donkey
216,wake
217,fine
218,cat
219,grandpa
220,bye
221,cat
222,carrot
223,lips
224,callonphone
225,garbage
226,kitty
227,noisy
228,sick
229,goose
230,see
231,find
232,water
233,shirt
234,chair
235,moon
236,store
237,like
238,car
239,drop
240,grass
241,shhh
242,drink
243,tongue
244,before
245,finger
246,radio
247,fish
248,duck
249,fast
250,finger
251,why
252,fireman
253,fireman
254,milk
255,bad
256,hot
257,down
258,callonphone
259,sticky
260,chair
261,owl
262,potty
263,close
264,dry
265,helicopter
266,on
267,fall
268,room
269,wolf
270,mad
271,pen
272,book
273,green
274,ride
275,bird
276,green
277,glasswindow
278,pen
279,jeans
280,dryer
281,high
282,toy
283,aunt
284,stairs
285,mad
286,why
287,grandpa
288,sad
289,yourself
290,nose
291,weus
292,have
293,child
294,owie
295,after
296,animal
297,lamp
298,dirty
299,black
300,many
301,better
302,stuck
303,tiger
304,drawer
305,cut
306,down
307,sleepy
308,home
309,potty
310,cloud
311,cheek
312,snow
313,after
314,napkin
315,hello
316,read
317,zebra
318,tree
319,carrot
320,before
321,face
322,gum
323,refrigerator
324,listen
325,grandma
326,red
327,touch
328,fast
329,book
330,there
331,who
332,finish
333,puzzle
334,toy
335,bug
336,store
337,yellow
338,wet
339,listen
340,nap
341,wet
342,lips
343,nose
344,puzzle
345,tiger
346,frenchfries
347,glasswindow
348,thirsty
349,blow
350,kiss
351,stairs
352,food
353,napkin
354,hungry
355,open
356,pretend
357,touch
358,fall
359,balloon
360,first
361,cheek
362,chocolate
363,sleepy
364,boy
365,tooth
366,dryer
367,bath
368,helicopter
369,chocolate
370,girl
371,jump
372,happy
373,zipper
374,smile
375,pretend
376,closet
377,bed
378,animal
379,mouse
380,tree
381,hello
382,feet
383,aunt
384,haveto
385,sticky
386,cute
387,owl
388,eye
389,make
390,shhh
391,nap
392,closet
393,dirty
394,flag
395,tooth
396,grandma
397,man
398,ear
399,dog
400,chin
401,lamp
402,old
403,happy
404,duck
405,head
406,kiss
407,doll
408,chin
409,dog
410,hide
411,sad
412,bedroom
413,talk
414,giraffe
415,girl
416,morning
417,bird
418,bedroom
419,snack
420,icecream
421,hungry
422,backyard
423,talk
424,cry
425,orange
426,fine
427,taste
428,no
429,alligator
430,police
431,awake
432,look
433,goose
434,lion
435,outside
436,hear
437,if
438,yellow
439,hide
440,taste
441,yesterday
442,yourself
443,drawer
444,water
445,yesterday
446,cloud
447,farm
448,sleep
449,zipper
450,snack
451,no
452,flower
453,lion
454,on
455,blue
456,jeans
457,yucky
458,farm
459,tomorrow
460,bee
461,police
462,ride
463,tomorrow
464,thankyou
465,awake
466,hate
467,bee
468,stuck
469,blue
470,frenchfries
471,night
472,cry
473,hear
474,horse
475,hate
476,giraffe
477,noisy
478,backyard
479,boat
480,if
481,elephant
482,beside
483,time
484,morning
485,vacuum
486,horse
487,look
488,say
489,alligator
490,boat
491,elephant
492,orange
493,will
494,will
495,empty
496,time
497,hat
498,person
499,person
